{
  "R2": 0.7643494494319814,
  "RMSE": 1.6332575286665203,
  "RPD": 2.0599931233522764,
  "MAPE": 23.30976274114853
}