{
  "accuracy": 0.7317073170731707,
  "balanced_accuracy": 0.6903409090909091,
  "macro_precision": 0.8257575757575757,
  "macro_recall": 0.6903409090909091,
  "macro_f1": 0.7292324792324791,
  "report": "                     precision    recall  f1-score   support\n\n           sağlıklı       1.00      0.75      0.86         8\n  flavescence dorée       0.67      0.88      0.76        16\ndiğer biyotik stres       0.64      0.64      0.64        11\n   abiyotik / diğer       1.00      0.50      0.67         6\n\n           accuracy                           0.73        41\n          macro avg       0.83      0.69      0.73        41\n       weighted avg       0.77      0.73      0.73        41\n",
  "confusion_matrix": [
    [
      6,
      0,
      2,
      0
    ],
    [
      0,
      14,
      2,
      0
    ],
    [
      0,
      4,
      7,
      0
    ],
    [
      0,
      3,
      0,
      3
    ]
  ],
  "labels": [
    0,
    1,
    2,
    3
  ],
  "class_names": [
    "sağlıklı",
    "flavescence dorée",
    "diğer biyotik stres",
    "abiyotik / diğer"
  ]
}