{
  "R2": 0.593717257006001,
  "RMSE": 0.3660713986289123,
  "RPD": 1.568865858545024,
  "MAPE": 9.270536475291834
}