{
  "R2": 0.39796193933859836,
  "RMSE": 0.44561888190538473,
  "RPD": 1.2888074146298563,
  "MAPE": 11.508293239588188
}