{
  "R2": 0.1437673456664429,
  "RMSE": 0.5314317578556725,
  "RPD": 1.0806974002007244,
  "MAPE": 12.384189999582745
}