{
  "R2": 0.8406778775159836,
  "RMSE": 3.712839024591184,
  "RPD": 2.5053128057771037,
  "MAPE": 16.107644448436822
}