{
  "accuracy": 0.7696078431372549,
  "balanced_accuracy": 0.7236607142857143,
  "macro_precision": 0.7283448987784595,
  "macro_recall": 0.7236607142857143,
  "macro_f1": 0.7210791036848996,
  "report": "                     precision    recall  f1-score   support\n\n           sağlıklı       0.79      0.93      0.85        40\n  flavescence dorée       0.82      0.86      0.84        80\ndiğer biyotik stres       0.75      0.71      0.73        56\n   abiyotik / diğer       0.55      0.39      0.46        28\n\n           accuracy                           0.77       204\n          macro avg       0.73      0.72      0.72       204\n       weighted avg       0.76      0.77      0.76       204\n",
  "confusion_matrix": [
    [
      37,
      1,
      0,
      2
    ],
    [
      3,
      69,
      5,
      3
    ],
    [
      2,
      10,
      40,
      4
    ],
    [
      5,
      4,
      8,
      11
    ]
  ],
  "labels": [
    0,
    1,
    2,
    3
  ],
  "class_names": [
    "sağlıklı",
    "flavescence dorée",
    "diğer biyotik stres",
    "abiyotik / diğer"
  ]
}