{
  "R2": 0.6897036722869504,
  "RMSE": 1.8741690312464936,
  "RPD": 1.795195215384957,
  "MAPE": 28.8779022777778
}