{
  "R2": -0.024320991941640058,
  "RMSE": 0.5812589420267537,
  "RPD": 0.9880569184814227,
  "MAPE": 14.096267020765355
}