{
  "R2": 0.7989191493288821,
  "RMSE": 4.171127213179183,
  "RPD": 2.2300502187291302,
  "MAPE": 20.73385648407506
}