{
  "R2": 0.8426595161386401,
  "RMSE": 3.689676746380503,
  "RPD": 2.5210401326409313,
  "MAPE": 17.359543600053335
}