{
  "R2": 0.5067705536423499,
  "RMSE": 2.362897798622911,
  "RPD": 1.4238869237921268,
  "MAPE": 38.628274889707356
}