{
  "R2": 0.21672826553924174,
  "RMSE": 0.508285637239177,
  "RPD": 1.129909792883795,
  "MAPE": 12.208212736290482
}