{
  "R2": 0.38570546231614034,
  "RMSE": 0.45013205101930376,
  "RPD": 1.275885415842332,
  "MAPE": 11.567249562084386
}