{
  "R2": 0.8547886728147067,
  "RMSE": 3.5446089183108165,
  "RPD": 2.6242170486130942,
  "MAPE": 16.697106057336942
}