{
  "R2": 0.759401814958933,
  "RMSE": 1.650314110011224,
  "RPD": 2.0387023641781035,
  "MAPE": 20.702554717785233
}