{
  "R2": 0.031308808336529714,
  "RMSE": 3.3114112107919946,
  "RPD": 1.0160318557693333,
  "MAPE": 57.28987433789404
}