{
  "R2": 0.3895061234898073,
  "RMSE": 0.4487373993371109,
  "RPD": 1.2798507990355281,
  "MAPE": 11.756629032140577
}