{
  "R2": 0.7563392816569667,
  "RMSE": 1.660784180984002,
  "RPD": 2.025849786046809,
  "MAPE": 20.71807343085631
}