{
  "R2": 0.4997785427465823,
  "RMSE": 2.3795870563945902,
  "RPD": 1.4139004785200235,
  "MAPE": 39.094541549716716
}