{
  "R2": 0.36099905592358705,
  "RMSE": 0.45909478602014486,
  "RPD": 1.2509767842876904,
  "MAPE": 11.74427140522932
}