{
  "accuracy": 0.803921568627451,
  "balanced_accuracy": 0.7620535714285714,
  "macro_precision": 0.7862150643024741,
  "macro_recall": 0.7620535714285714,
  "macro_f1": 0.7692515571267106,
  "report": "                     precision    recall  f1-score   support\n\n           sağlıklı       0.81      0.88      0.84        40\n  flavescence dorée       0.82      0.89      0.85        80\ndiğer biyotik stres       0.81      0.79      0.80        56\n   abiyotik / diğer       0.70      0.50      0.58        28\n\n           accuracy                           0.80       204\n          macro avg       0.79      0.76      0.77       204\n       weighted avg       0.80      0.80      0.80       204\n",
  "confusion_matrix": [
    [
      35,
      3,
      1,
      1
    ],
    [
      2,
      71,
      5,
      2
    ],
    [
      1,
      8,
      44,
      3
    ],
    [
      5,
      5,
      4,
      14
    ]
  ],
  "labels": [
    0,
    1,
    2,
    3
  ],
  "class_names": [
    "sağlıklı",
    "flavescence dorée",
    "diğer biyotik stres",
    "abiyotik / diğer"
  ]
}