{
  "R2": -0.6964689504552048,
  "RMSE": 0.7480395637566485,
  "RPD": 0.7677627587162789,
  "MAPE": 17.292472168082305
}