{
  "accuracy": 0.36585365853658536,
  "balanced_accuracy": 0.31486742424242425,
  "macro_precision": 0.2536075036075036,
  "macro_recall": 0.31486742424242425,
  "macro_f1": 0.2791973791973792,
  "report": "                     precision    recall  f1-score   support\n\n           sağlıklı       0.00      0.00      0.00         8\n  flavescence dorée       0.43      0.56      0.49        16\ndiğer biyotik stres       0.36      0.36      0.36        11\n   abiyotik / diğer       0.22      0.33      0.27         6\n\n           accuracy                           0.37        41\n          macro avg       0.25      0.31      0.28        41\n       weighted avg       0.30      0.37      0.33        41\n",
  "confusion_matrix": [
    [
      0,
      6,
      2,
      0
    ],
    [
      0,
      9,
      1,
      6
    ],
    [
      0,
      6,
      4,
      1
    ],
    [
      0,
      0,
      4,
      2
    ]
  ],
  "labels": [
    0,
    1,
    2,
    3
  ],
  "class_names": [
    "sağlıklı",
    "flavescence dorée",
    "diğer biyotik stres",
    "abiyotik / diğer"
  ]
}