{
  "R2": 0.7108581535185314,
  "RMSE": 5.00176811296778,
  "RPD": 1.8597069964081285,
  "MAPE": 25.231310408949614
}