{
  "R2": 0.3800958828215939,
  "RMSE": 0.4521826253037009,
  "RPD": 1.270099484059114,
  "MAPE": 11.36250443862587
}