{
  "accuracy": 0.7647058823529411,
  "balanced_accuracy": 0.7071428571428572,
  "macro_precision": 0.7352224105681553,
  "macro_recall": 0.7071428571428572,
  "macro_f1": 0.7092743688641371,
  "report": "                     precision    recall  f1-score   support\n\n           sağlıklı       0.74      0.88      0.80        40\n  flavescence dorée       0.79      0.90      0.84        80\ndiğer biyotik stres       0.78      0.70      0.74        56\n   abiyotik / diğer       0.62      0.36      0.45        28\n\n           accuracy                           0.76       204\n          macro avg       0.74      0.71      0.71       204\n       weighted avg       0.76      0.76      0.75       204\n",
  "confusion_matrix": [
    [
      35,
      1,
      2,
      2
    ],
    [
      2,
      72,
      4,
      2
    ],
    [
      4,
      11,
      39,
      2
    ],
    [
      6,
      7,
      5,
      10
    ]
  ],
  "labels": [
    0,
    1,
    2,
    3
  ],
  "class_names": [
    "sağlıklı",
    "flavescence dorée",
    "diğer biyotik stres",
    "abiyotik / diğer"
  ]
}