{
  "R2": 0.7631631048426164,
  "RMSE": 1.637363552831166,
  "RPD": 2.0548272690562874,
  "MAPE": 21.776282594531967
}