{
  "R2": 0.8409666722045669,
  "RMSE": 3.7094724659621656,
  "RPD": 2.507586520576734,
  "MAPE": 17.460669418659492
}