{
  "R2": 0.7521981970845444,
  "RMSE": 4.630419190748132,
  "RPD": 2.008851201351897,
  "MAPE": 24.65738575922871
}