{
  "accuracy": 0.7843137254901961,
  "balanced_accuracy": 0.7267857142857143,
  "macro_precision": 0.7474192220878176,
  "macro_recall": 0.7267857142857143,
  "macro_f1": 0.7285541189314697,
  "report": "                     precision    recall  f1-score   support\n\n           sağlıklı       0.80      0.90      0.85        40\n  flavescence dorée       0.81      0.90      0.85        80\ndiğer biyotik stres       0.79      0.75      0.77        56\n   abiyotik / diğer       0.59      0.36      0.44        28\n\n           accuracy                           0.78       204\n          macro avg       0.75      0.73      0.73       204\n       weighted avg       0.77      0.78      0.77       204\n",
  "confusion_matrix": [
    [
      36,
      1,
      1,
      2
    ],
    [
      2,
      72,
      3,
      3
    ],
    [
      2,
      10,
      42,
      2
    ],
    [
      5,
      6,
      7,
      10
    ]
  ],
  "labels": [
    0,
    1,
    2,
    3
  ],
  "class_names": [
    "sağlıklı",
    "flavescence dorée",
    "diğer biyotik stres",
    "abiyotik / diğer"
  ]
}