{
  "R2": 0.6895609147362207,
  "RMSE": 5.182702452633042,
  "RPD": 1.7947824014808194,
  "MAPE": 27.378217852948822
}