{
  "R2": 0.58912020512547,
  "RMSE": 5.9624598977262515,
  "RPD": 1.5600646903544724,
  "MAPE": 32.48970342219866
}