{
  "R2": 0.7474536386745829,
  "RMSE": 1.6907951648299298,
  "RPD": 1.9898917075829152,
  "MAPE": 20.820778644316675
}