{
  "R2": 0.6233290507986605,
  "RMSE": 0.35247853423008946,
  "RPD": 1.6293670772127813,
  "MAPE": 9.076384598008502
}