{
  "R2": 0.2960995635690674,
  "RMSE": 0.48184485692842904,
  "RPD": 1.1919125229638645,
  "MAPE": 11.944282761837927
}