{
  "R2": 0.8432919116028289,
  "RMSE": 3.6822543586816234,
  "RPD": 2.526121839510197,
  "MAPE": 16.305120373379612
}