{
  "R2": 0.7402866727322528,
  "RMSE": 1.7146187061451121,
  "RPD": 1.9622434222011924,
  "MAPE": 20.793604481355757
}