{
  "R2": 0.3704128050020462,
  "RMSE": 0.4557005511017096,
  "RPD": 1.2602945458596606,
  "MAPE": 11.697182341320751
}