{
  "baseline_fold_mean_R2": 0.5431216892753525,
  "baseline_OOF_R2": 0.5506990183997426,
  "results": {
    "residual_pls_lgbm": {
      "GA+PLS (kontrol)": {
        "R2": 0.5506990183997426,
        "RMSE": 0.38496415602992634,
        "RPD": 1.4918711524251103,
        "MAPE": 9.891782253406848,
        "R2_fold_mean": 0.5431216892753525
      },
      "GA+PLS + LGBM(residual)": {
        "R2": 0.5057063874025296,
        "RMSE": 0.4037793548422886,
        "RPD": 1.4223533526696714,
        "MAPE": 10.529881213947226,
        "R2_fold_mean": 0.4972977307444596
      }
    },
    "stacking_ga": {
      "GA+pls (base)": {
        "R2": 0.5506990183997426,
        "RMSE": 0.38496415602992634,
        "RPD": 1.4918711524251103,
        "MAPE": 9.891782253406848,
        "R2_fold_mean": 0.5431216892753525
      },
      "GA+svr (base)": {
        "R2": 0.372390055483806,
        "RMSE": 0.4549844130589895,
        "RPD": 1.2622782289121297,
        "MAPE": 11.828446556192713,
        "R2_fold_mean": 0.36468896578119514
      },
      "GA+lgbm (base)": {
        "R2": 0.2751913942490348,
        "RMSE": 0.48894868352286336,
        "RPD": 1.174595491209398,
        "MAPE": 12.906527598687445,
        "R2_fold_mean": 0.2675346366413782
      },
      "GA+ridge (base)": {
        "R2": 0.5710909781361578,
        "RMSE": 0.3761267326142525,
        "RPD": 1.5269239575367626,
        "MAPE": 9.800404967937775,
        "R2_fold_mean": 0.566536979849244
      },
      "Stacking (GA, meta=Ridge)": {
        "R2": 0.5781003451724888,
        "RMSE": 0.37304068129305235,
        "RPD": 1.5395557318520865,
        "MAPE": 9.628466817999144,
        "R2_fold_mean": 0.5745698710070725
      }
    },
    "boosting_ga": {
      "GA+XGBoost": {
        "R2": 0.3468769168506499,
        "RMSE": 0.4641401381299047,
        "RPD": 1.237378265565959,
        "MAPE": 12.114864943412597,
        "R2_fold_mean": 0.33739649964109747
      }
    },
    "preproc_ga_pls_v2": {
      "raw → freshGA → PLS": {
        "R2": 0.5635436838816354,
        "RMSE": 0.37942155704057323,
        "RPD": 1.5136644411516975,
        "MAPE": 9.564706871483548,
        "R2_fold_mean": 0.5584033110129271,
        "n_features_ga": 220
      },
      "SG-d1 → freshGA → PLS": {
        "R2": 0.5601849006626416,
        "RMSE": 0.3808786929552646,
        "RPD": 1.5078735821176048,
        "MAPE": 9.564616516970617,
        "R2_fold_mean": 0.5530086362321998,
        "n_features_ga": 219
      },
      "SG-d2 → freshGA → PLS": {
        "R2": 0.49418183137092775,
        "RMSE": 0.4084593322197652,
        "RPD": 1.4060565490757935,
        "MAPE": 10.17119605440211,
        "R2_fold_mean": 0.48094100900478054,
        "n_features_ga": 219
      },
      "SNV → freshGA → PLS": {
        "R2": 0.5612883720899102,
        "RMSE": 0.3804005912404533,
        "RPD": 1.5097687341282215,
        "MAPE": 9.480728089797443,
        "R2_fold_mean": 0.559529743549496,
        "n_features_ga": 227
      },
      "MSC → freshGA → PLS": {
        "R2": 0.5332316225126943,
        "RMSE": 0.3923758987910229,
        "RPD": 1.463690611141751,
        "MAPE": 10.107493456941757,
        "R2_fold_mean": 0.529683100182268,
        "n_features_ga": 224
      },
      "SNV+SG-d1 → freshGA → PLS": {
        "R2": 0.5497808458251552,
        "RMSE": 0.38535730355042325,
        "RPD": 1.4903491222492893,
        "MAPE": 9.736607178597586,
        "R2_fold_mean": 0.5423617797340654,
        "n_features_ga": 219
      }
    },
    "multiseed_ga_pls": {
      "GA-seed42 + PLS": {
        "R2": 0.5635436838816354,
        "RMSE": 0.37942155704057323,
        "RPD": 1.5136644411516975,
        "MAPE": 9.564706871483548,
        "R2_fold_mean": 0.5584033110129271,
        "n_features_ga": 220
      },
      "GA-seed7 + PLS": {
        "R2": 0.4343974397795842,
        "RMSE": 0.43192395769413955,
        "RPD": 1.329671366609907,
        "MAPE": 10.786484429637017,
        "R2_fold_mean": 0.4184459132503309,
        "n_features_ga": 208
      },
      "GA-seed123 + PLS": {
        "R2": 0.4793077169807297,
        "RMSE": 0.4144214073029379,
        "RPD": 1.385828311419507,
        "MAPE": 10.283078662072588,
        "R2_fold_mean": 0.46882837257747917,
        "n_features_ga": 193
      },
      "GA-intersection + PLS": {
        "R2": 0.46024489903565113,
        "RMSE": 0.42193930990706313,
        "RPD": 1.3611363189299095,
        "MAPE": 10.55140935513146,
        "R2_fold_mean": 0.4516536846989247,
        "n_features_ga": 46
      },
      "GA-union + PLS": {
        "R2": 0.4353131192211265,
        "RMSE": 0.43157418550367715,
        "RPD": 1.330749007678618,
        "MAPE": 10.897011979438783,
        "R2_fold_mean": 0.4224598239984642,
        "n_features_ga": 391
      }
    },
    "regression_to_ordinal": {
      "GA+PLS (regresyon)": {
        "R2": 0.5506990183997426,
        "RMSE": 0.38496415602992634,
        "RPD": 1.4918711524251103,
        "MAPE": 9.891782253406848,
        "R2_fold_mean": 0.5431216892753525
      },
      "GA+PLS → 3-sınıf (kvantil binning)": {
        "Accuracy": 0.6225490196078431,
        "BalancedAcc": 0.6225490196078431,
        "MacroF1": 0.6302798914958078,
        "edges": "<3.08 | [3.08,3.68) | >=3.68"
      }
    }
  }
}