{
  "accuracy": 0.7450980392156863,
  "balanced_accuracy": 0.7044642857142858,
  "macro_precision": 0.7147745854963675,
  "macro_recall": 0.7044642857142858,
  "macro_f1": 0.7064996058303561,
  "report": "                     precision    recall  f1-score   support\n\n           sağlıklı       0.71      0.80      0.75        40\n  flavescence dorée       0.80      0.88      0.84        80\ndiğer biyotik stres       0.73      0.64      0.69        56\n   abiyotik / diğer       0.61      0.50      0.55        28\n\n           accuracy                           0.75       204\n          macro avg       0.71      0.70      0.71       204\n       weighted avg       0.74      0.75      0.74       204\n",
  "confusion_matrix": [
    [
      32,
      1,
      3,
      4
    ],
    [
      2,
      70,
      6,
      2
    ],
    [
      5,
      12,
      36,
      3
    ],
    [
      6,
      4,
      4,
      14
    ]
  ],
  "labels": [
    0,
    1,
    2,
    3
  ],
  "class_names": [
    "sağlıklı",
    "flavescence dorée",
    "diğer biyotik stres",
    "abiyotik / diğer"
  ]
}