{
  "R2": 0.08294958458488955,
  "RMSE": 0.5499816714436816,
  "RPD": 1.0442473793556892,
  "MAPE": 11.913580425049041
}