{
  "R2": 0.5049925642953372,
  "RMSE": 2.3671528444588668,
  "RPD": 1.4213274337532238,
  "MAPE": 38.783517001051656
}