{
  "R2": 0.8297268712522269,
  "RMSE": 3.838319625382641,
  "RPD": 2.4234102581204313,
  "MAPE": 17.000050296533235
}