{
  "R2": 0.4623021230480918,
  "RMSE": 0.42113445196734156,
  "RPD": 1.3637376766868357,
  "MAPE": 11.08449692324513
}